customer_id,name,age,gender,city,account_type,join_date
C0001,Kashvi Bobal,56,M,Delhi,Savings,14-03-2022
C0002,Nitya Magar,46,F,Kolkata,Savings,24-01-2025
C0003,Aradhya Brar,32,F,Delhi,Current,13-05-2022
C0004,Lavanya Gulati,60,F,Delhi,Savings,19-03-2021
C0005,Oorja Gara,25,M,Pune,Current,30-03-2023
C0006,Azad Bhatia,38,M,Delhi,Savings,11-02-2022
C0007,Ishita Atwal,56,M,Hyderabad,Current,11-11-2024
C0008,Rohan Kata,36,M,Chennai,Savings,12-02-2024
C0009,Madhav Amble,40,M,Mumbai,Savings,26-12-2020
C0010,Ryan Bal,28,M,Bangalore,Savings,05-05-2022
C0011,Inaaya  Ghose,28,M,Hyderabad,Current,29-01-2024
C0012,Keya Mani,41,M,Mumbai,Current,17-01-2025
C0013,Badal Gaba,53,F,Kolkata,Savings,22-12-2022
C0014,Mishti Kale,57,F,Kolkata,Savings,08-08-2022
C0015,Eva Arora,41,M,Kolkata,Current,06-05-2021
C0016,Urvi Bahri,20,M,Hyderabad,Savings,17-02-2025
C0017,Jayesh Bhatnagar,39,F,Hyderabad,Current,08-08-2021
C0018,Himmat Bansal,19,M,Bangalore,Current,12-07-2025
C0019,Anika Sachdev,41,M,Chennai,Savings,14-06-2022
C0020,Anay Dash,61,M,Delhi,Savings,29-10-2022
C0021,Taran Mandal,47,F,Kolkata,Savings,25-10-2022
C0022,Shalv Chaudhary,55,F,Pune,Savings,25-04-2024
C0023,Anaya Borra,19,F,Chennai,Current,01-06-2021
C0024,Shray Golla,38,F,Pune,Savings,28-12-2024
C0025,Eshani Tiwari,50,F,Bangalore,Current,05-11-2024
C0026,Baiju Sastry,29,M,Bangalore,Savings,25-08-2022
C0027,Heer Grewal,39,F,Bangalore,Current,01-05-2021
C0028,Zaina Khatri,61,M,Mumbai,Savings,20-12-2022
C0029,Nakul Master,42,M,Pune,Savings,28-11-2020
C0030,Yakshit Aurora,44,F,Chennai,Savings,16-09-2024
C0031,Nirvi Ramesh,59,F,Chennai,Current,02-03-2023
C0032,Onkar Din,45,M,Hyderabad,Savings,07-03-2024
C0033,Darshit Buch,33,M,Hyderabad,Current,20-11-2023
C0034,Divij Suri,32,M,Kolkata,Savings,05-01-2021
C0035,Shamik Char,64,F,Hyderabad,Savings,18-06-2023
C0036,Manikya Walia,61,F,Bangalore,Savings,24-07-2023
C0037,Aniruddh Rattan,20,F,Chennai,Savings,02-05-2022
C0038,Aradhya Loke,54,F,Pune,Savings,05-09-2021
C0039,Saksham Tailor,24,F,Bangalore,Current,06-01-2023
C0040,Pari Shankar,38,M,Mumbai,Current,12-03-2022
C0041,Kashvi Vora,26,F,Hyderabad,Current,12-08-2024
C0042,Lavanya Badami,56,M,Bangalore,Current,18-11-2022
C0043,Tiya Ghosh,35,M,Bangalore,Savings,16-11-2023
C0044,Bhavin Mander,21,M,Mumbai,Savings,14-12-2023
C0045,Oorja Kadakia,42,F,Delhi,Savings,26-12-2021
C0046,Miraan Rattan,31,F,Chennai,Current,23-04-2023
C0047,Shanaya Wali,26,F,Pune,Savings,04-12-2023
C0048,Suhana Hayre,43,M,Kolkata,Savings,09-12-2023
C0049,Tiya Kakar,19,M,Delhi,Savings,03-10-2024
C0050,Neelofar Saini,37,M,Hyderabad,Savings,04-09-2021
C0051,Indrans Ahuja,45,M,Bangalore,Current,10-08-2024
C0052,Divyansh Joshi,64,M,Mumbai,Current,10-04-2023
C0053,Tanya Sen,24,M,Mumbai,Savings,14-06-2021
C0054,Lakshit Sandal,61,F,Chennai,Current,14-04-2023
C0055,Tushar Mani,25,F,Delhi,Savings,07-10-2024
C0056,Riya Sahni,64,F,Kolkata,Savings,29-12-2024
C0057,Anika Bora,52,F,Chennai,Savings,02-08-2022
C0058,Taimur Rao,31,M,Bangalore,Savings,02-12-2020
C0059,Ivan Sehgal,34,M,Chennai,Savings,19-06-2025
C0060,Adah Cheema,53,F,Pune,Current,30-07-2021
C0061,Oorja Kapadia,57,M,Mumbai,Savings,23-02-2023
C0062,Saira Venkataraman,21,F,Mumbai,Current,06-09-2023
C0063,Eshani Sheth,19,F,Hyderabad,Savings,14-11-2023
C0064,Tanya Luthra,23,F,Hyderabad,Savings,04-08-2025
C0065,Faiyaz Chhabra,59,M,Kolkata,Savings,23-09-2023
C0066,Rati Bera,21,F,Bangalore,Savings,12-01-2024
C0067,Biju Rout,46,F,Pune,Savings,15-04-2024
C0068,Rania Choudhry,35,F,Delhi,Current,29-04-2025
C0069,Ivana Chana,43,M,Chennai,Savings,17-07-2023
C0070,Kanav Gera,61,M,Kolkata,Savings,27-08-2021
C0071,Hiran Ramaswamy,51,F,Bangalore,Savings,31-10-2023
C0072,Nirvi Rau,27,M,Hyderabad,Savings,14-09-2025
C0073,Jayant Sethi,53,M,Chennai,Savings,24-07-2022
C0074,Rania Sarkar,31,M,Hyderabad,Savings,04-06-2022
C0075,Anaya Singh,48,M,Chennai,Savings,19-09-2024
C0076,Diya Dyal,32,M,Delhi,Savings,31-10-2022
C0077,Ojas Balasubramanian,25,M,Bangalore,Savings,18-06-2025
C0078,Hunar Sidhu,31,M,Chennai,Savings,20-12-2020
C0079,Shayak Bhasin,40,M,Pune,Savings,19-05-2025
C0080,Hunar Bala,57,M,Kolkata,Savings,07-10-2022
C0081,Kaira Jani,38,M,Mumbai,Current,20-01-2024
C0082,Vritika Jain,33,F,Pune,Savings,27-06-2025
C0083,Dhanush Sibal,62,F,Pune,Savings,23-05-2021
C0084,Yuvaan Kade,35,M,Kolkata,Savings,19-11-2022
C0085,Siya Dalal,64,F,Mumbai,Current,23-08-2023
C0086,Amira Anne,41,F,Pune,Savings,04-01-2021
C0087,Zoya Swamy,43,M,Chennai,Savings,01-08-2024
C0088,Adira Vaidya,42,M,Chennai,Current,13-04-2025
C0089,Drishya Doctor,62,M,Chennai,Savings,28-12-2024
C0090,Vidur Tak,58,F,Mumbai,Savings,06-07-2022
C0091,Divij Kunda,46,F,Pune,Savings,28-01-2023
C0092,Eshani Loyal,32,M,Mumbai,Savings,19-12-2022
C0093,Yuvraj  Chand,62,M,Chennai,Current,18-07-2021
C0094,Akarsh Rana,18,M,Kolkata,Current,22-05-2024
C0095,Charvi Tripathi,42,F,Pune,Savings,26-02-2025
C0096,Faiyaz Ghose,24,F,Pune,Savings,03-06-2021
C0097,Kanav Bhavsar,26,F,Hyderabad,Savings,16-10-2024
C0098,Raghav Dar,41,F,Hyderabad,Savings,02-06-2025
C0099,Kimaya Sangha,18,M,Delhi,Current,25-10-2023
C0100,Damini Basak,61,M,Bangalore,Savings,21-09-2021
C0101,Ishaan Luthra,25,M,Hyderabad,Savings,13-03-2021
C0102,Ivan Sarma,41,M,Mumbai,Current,28-01-2024
C0103,Lakshit Dar,28,F,Hyderabad,Savings,10-04-2024
C0104,Mehul Mani,34,F,Delhi,Savings,10-09-2024
C0105,Shray Khanna,25,M,Pune,Savings,19-09-2021
C0106,Taran Raj,52,M,Delhi,Current,25-05-2025
C0107,Anika Iyer,52,F,Pune,Savings,01-02-2023
C0108,Taran Thaker,50,M,Kolkata,Savings,11-02-2025
C0109,Anahi Anand,22,F,Kolkata,Savings,15-03-2022
C0110,Yasmin Barman,59,M,Pune,Savings,28-03-2022
C0111,Aarna Jain,56,M,Bangalore,Current,31-12-2024
C0112,Farhan Dora,58,M,Hyderabad,Current,14-01-2025
C0113,Aarush Rege,45,M,Mumbai,Savings,02-09-2024
C0114,Hansh Bath,24,M,Mumbai,Savings,19-01-2024
C0115,Taran Divan,26,M,Chennai,Savings,01-10-2022
C0116,Shlok Tailor,25,M,Pune,Savings,08-07-2025
C0117,Amani Jayaraman,29,F,Mumbai,Savings,15-11-2020
C0118,Yakshit Krishna,51,F,Bangalore,Current,03-10-2023
C0119,Alisha Chowdhury,50,F,Pune,Savings,04-09-2021
C0120,Siya Sankar,40,F,Bangalore,Savings,05-01-2024
C0121,Manikya Yogi,41,F,Mumbai,Savings,05-03-2023
C0122,Anvi Banik,54,M,Mumbai,Current,03-08-2023
C0123,Ishaan Gour,52,M,Chennai,Current,09-10-2020
C0124,Yuvaan Sidhu,61,F,Mumbai,Current,29-10-2023
C0125,Jayant Desai,57,M,Pune,Savings,25-05-2021
C0126,Dhanush Karnik,39,F,Kolkata,Savings,31-05-2022
C0127,Yuvaan Bhatia,44,F,Pune,Current,05-08-2025
C0128,Aradhya Varma,52,M,Pune,Savings,28-07-2024
C0129,Tiya Bains,18,M,Chennai,Savings,02-03-2025
C0130,Rania Agate,52,M,Chennai,Current,28-06-2022
C0131,Khushi Dyal,54,F,Mumbai,Current,25-04-2023
C0132,Madhup Bains,64,M,Delhi,Savings,26-07-2023
C0133,Nitya Jayaraman,31,F,Delhi,Savings,26-08-2023
C0134,Drishya Goyal,20,F,Chennai,Savings,19-05-2024
C0135,Saira Singhal,18,F,Mumbai,Savings,11-10-2020
C0136,Sahil Goel,22,M,Delhi,Savings,13-09-2025
C0137,Diya Badami,43,M,Mumbai,Current,21-01-2021
C0138,Manjari Manne,31,F,Mumbai,Current,12-12-2023
C0139,Pihu Trivedi,56,M,Mumbai,Current,26-12-2022
C0140,Nitara Baral,44,M,Hyderabad,Savings,07-02-2023
C0141,Tarini Bhatt,26,M,Pune,Current,24-12-2020
C0142,Nayantara Malhotra,32,F,Mumbai,Current,18-09-2022
C0143,Prerak Rama,32,F,Hyderabad,Savings,30-12-2021
C0144,Stuvan Subramanian,43,M,Chennai,Current,11-03-2024
C0145,Vedika Dyal,59,F,Delhi,Current,16-04-2021
C0146,Adira Basu,30,M,Pune,Savings,21-01-2022
C0147,Indrajit Zacharia,49,M,Kolkata,Savings,26-06-2021
C0148,Rania Sood,56,M,Delhi,Savings,26-10-2024
C0149,Ayesha Gour,49,M,Pune,Savings,09-08-2021
C0150,Oorja Sarma,21,F,Kolkata,Savings,14-02-2024
C0151,Lavanya Buch,47,F,Delhi,Current,21-06-2025
C0152,Amani Arya,54,F,Pune,Savings,06-04-2023
C0153,Myra Chander,40,M,Delhi,Savings,19-01-2025
C0154,Aradhya Dar,56,M,Delhi,Savings,04-10-2022
C0155,Nehmat Sachdeva,62,M,Kolkata,Savings,04-12-2021
C0156,Misha Yohannan,32,F,Delhi,Savings,01-05-2024
C0157,Anya Basu,60,M,Delhi,Savings,25-05-2023
C0158,Lakshay Rege,46,F,Kolkata,Savings,31-07-2025
C0159,Sara Verma,53,F,Chennai,Savings,14-08-2024
C0160,Priyansh Singhal,30,F,Mumbai,Savings,31-08-2021
C0161,Hansh Joshi,49,F,Bangalore,Savings,04-02-2022
C0162,Lavanya Sibal,24,F,Hyderabad,Current,27-10-2021
C0163,Aarav Vasa,39,F,Bangalore,Savings,17-10-2023
C0164,Dhanush Kara,45,M,Bangalore,Current,15-04-2025
C0165,Saanvi Golla,19,M,Pune,Savings,31-05-2025
C0166,Madhav Gour,59,F,Mumbai,Savings,23-03-2025
C0167,Veer Doctor,62,F,Pune,Current,16-11-2021
C0168,Raunak Rama,23,M,Mumbai,Savings,02-12-2022
C0169,Renee Jha,45,F,Kolkata,Savings,13-04-2022
C0170,Shanaya Khatri,45,F,Kolkata,Savings,13-01-2023
C0171,Ira Choudhury,61,M,Mumbai,Savings,19-07-2021
C0172,Jhanvi Devi,61,F,Delhi,Savings,24-03-2021
C0173,Saira Balay,37,F,Chennai,Savings,07-01-2024
C0174,Miraan Shetty,47,F,Delhi,Savings,27-03-2021
C0175,Reyansh Sarkar,28,M,Chennai,Savings,09-03-2022
C0176,Tejas Wable,45,M,Pune,Savings,02-04-2021
C0177,Inaaya  Datta,42,M,Chennai,Current,30-04-2022
C0178,Drishya Din,56,F,Pune,Current,20-04-2024
C0179,Madhup Dar,50,F,Kolkata,Savings,23-01-2023
C0180,Anay Dhillon,18,M,Bangalore,Current,24-03-2024
C0181,Dharmajan Ravi,44,F,Kolkata,Savings,14-02-2025
C0182,Yashvi Saini,30,F,Kolkata,Savings,28-11-2023
C0183,Yakshit Vasa,58,F,Bangalore,Savings,27-11-2020
C0184,Divij Varty,20,F,Chennai,Current,05-04-2022
C0185,Anahi Raman,56,F,Chennai,Savings,15-10-2020
C0186,Aayush Handa,23,M,Pune,Savings,17-08-2025
C0187,Romil Bhasin,25,F,Delhi,Savings,20-11-2023
C0188,Saksham Dutt,44,M,Pune,Current,28-11-2024
C0189,Arhaan Chauhan,26,F,Delhi,Current,10-03-2022
C0190,Arnav Thaker,54,M,Kolkata,Current,20-09-2024
C0191,Eva Dhingra,50,F,Bangalore,Savings,30-10-2021
C0192,Shayak Setty,59,M,Kolkata,Savings,29-07-2024
C0193,Kartik Barman,61,F,Mumbai,Savings,08-09-2023
C0194,Chirag Shetty,41,M,Chennai,Savings,16-08-2021
C0195,Elakshi Ramesh,32,F,Delhi,Savings,02-01-2024
C0196,Priyansh Dewan,49,M,Pune,Savings,13-04-2024
C0197,Azad Sekhon,49,F,Bangalore,Current,19-05-2022
C0198,Badal Dhaliwal,41,M,Delhi,Current,25-09-2020
C0199,Sara Mall,58,M,Pune,Current,29-04-2025
C0200,Mamooty Dugar,29,F,Chennai,Current,30-12-2020
C0201,Indranil Sengupta,56,F,Kolkata,Savings,07-06-2021
C0202,Anahi Kakar,19,M,Chennai,Savings,24-07-2023
C0203,Prerak Anne,20,F,Hyderabad,Current,27-06-2025
C0204,Sana Bedi,54,M,Mumbai,Savings,02-04-2025
C0205,Mahika Kuruvilla,34,M,Hyderabad,Current,09-01-2024
C0206,Mishti Gole,19,M,Bangalore,Savings,23-04-2024
C0207,Anya Hora,19,F,Delhi,Savings,06-09-2021
C0208,Miraan Yohannan,45,M,Bangalore,Savings,17-11-2022
C0209,Urvi Yogi,40,M,Kolkata,Current,08-06-2022
C0210,Rohan Tak,54,F,Pune,Current,17-07-2024
C0211,Pranay Saha,49,F,Chennai,Savings,04-08-2022
C0212,Drishya Gour,50,F,Hyderabad,Current,07-01-2022
C0213,Ranbir Gokhale,18,F,Hyderabad,Savings,30-05-2022
C0214,Anya Sabharwal,36,M,Kolkata,Savings,31-01-2023
C0215,Shray Chadha,19,M,Hyderabad,Savings,03-02-2022
C0216,Rati Korpal,61,M,Kolkata,Savings,11-12-2022
C0217,Reyansh Bhardwaj,43,M,Bangalore,Savings,09-09-2023
C0218,Aniruddh Shan,49,F,Chennai,Current,06-08-2022
C0219,Lagan Rana,23,M,Delhi,Current,03-10-2024
C0220,Amira Mani,49,M,Pune,Savings,29-05-2024
C0221,Rasha Sahni,21,F,Delhi,Savings,08-05-2023
C0222,Samar Jaggi,28,M,Bangalore,Current,03-10-2021
C0223,Divit Garg,34,M,Pune,Current,20-03-2024
C0224,Yasmin Kale,55,M,Hyderabad,Current,03-05-2024
C0225,Ela Seshadri,41,M,Mumbai,Savings,11-04-2022
C0226,Zain Mani,22,M,Bangalore,Savings,25-06-2024
C0227,Tejas Majumdar,51,M,Bangalore,Savings,20-11-2021
C0228,Reyansh Mahal,23,F,Chennai,Savings,01-11-2023
C0229,Sara Sunder,39,F,Delhi,Savings,17-09-2023
C0230,Nitara Sachar,28,M,Bangalore,Current,24-08-2021
C0231,Gokul Sharma,33,M,Bangalore,Savings,28-11-2023
C0232,Sana Khanna,50,F,Hyderabad,Savings,29-03-2024
C0233,Vedika Karan,26,M,Hyderabad,Savings,23-10-2020
C0234,Urvi Sanghvi,23,M,Pune,Savings,14-03-2025
C0235,Krish Rastogi,33,M,Kolkata,Savings,07-07-2022
C0236,Vardaniya Sha,46,F,Kolkata,Savings,26-03-2021
C0237,Ranbir Chacko,20,M,Mumbai,Savings,10-04-2024
C0238,Bhamini Basu,37,F,Kolkata,Current,16-08-2024
C0239,Jayan Warrior,53,M,Chennai,Current,25-02-2023
C0240,Sumer Sankar,36,F,Mumbai,Savings,28-09-2024
C0241,Yashvi Chandra,43,F,Pune,Savings,17-04-2022
C0242,Shlok Deep,20,M,Hyderabad,Current,04-08-2022
C0243,Badal Sandal,36,F,Kolkata,Savings,30-05-2022
C0244,Kaira Dhingra,37,M,Delhi,Savings,13-10-2020
C0245,Kashvi Ram,49,F,Hyderabad,Current,17-03-2025
C0246,Farhan Chadha,24,M,Chennai,Savings,27-09-2022
C0247,Anika Loke,58,M,Hyderabad,Savings,14-09-2025
C0248,Rania Sekhon,50,F,Chennai,Savings,29-10-2024
C0249,Samarth Hayre,57,M,Chennai,Savings,29-03-2021
C0250,Khushi Roy,56,M,Chennai,Savings,15-09-2023
C0251,Shamik Chand,35,F,Pune,Current,20-04-2024
C0252,Gokul Ramachandran,57,M,Chennai,Savings,28-02-2022
C0253,Ivan Ravel,18,M,Chennai,Savings,31-05-2023
C0254,Nirvaan Ghose,28,F,Delhi,Current,26-09-2023
C0255,Heer Shan,45,F,Mumbai,Savings,16-02-2021
C0256,Diya Saha,42,M,Bangalore,Savings,12-07-2025
C0257,Rati Koshy,40,M,Mumbai,Current,06-03-2025
C0258,Indranil Vyas,48,F,Chennai,Savings,17-05-2025
C0259,Sara Hans,47,F,Delhi,Current,18-10-2021
C0260,Ryan Subramaniam,59,M,Hyderabad,Current,20-05-2024
C0261,Nitya Bath,52,F,Delhi,Savings,28-10-2023
C0262,Bhavin Dhar,24,M,Chennai,Savings,22-12-2022
C0263,Ranbir Ravel,33,M,Delhi,Current,28-10-2023
C0264,Kimaya Borah,43,M,Kolkata,Savings,25-08-2022
C0265,Rati Gupta,19,M,Delhi,Current,29-04-2023
C0266,Advik Chokshi,18,M,Chennai,Savings,25-10-2020
C0267,Kanav Rao,29,F,Pune,Savings,13-08-2022
C0268,Anika Sant,22,F,Kolkata,Savings,22-08-2024
C0269,Divit Chana,54,F,Delhi,Current,06-02-2025
C0270,Jiya Banik,49,F,Bangalore,Current,15-01-2021
C0271,Raghav Salvi,26,M,Bangalore,Savings,02-09-2021
C0272,Charvi Subramanian,58,M,Delhi,Savings,25-01-2021
C0273,Divij Khatri,52,M,Pune,Current,12-04-2024
C0274,Shlok Hans,36,M,Hyderabad,Savings,02-05-2022
C0275,Shlok Dora,33,F,Chennai,Savings,17-06-2024
C0276,Mahika Sampath,20,M,Bangalore,Savings,25-05-2024
C0277,Dharmajan Agrawal,37,M,Hyderabad,Savings,22-12-2020
C0278,Hiran Seshadri,41,F,Delhi,Current,25-11-2023
C0279,Pari Venkataraman,50,F,Hyderabad,Savings,06-06-2024
C0280,Tarini Ratti,41,F,Kolkata,Savings,24-07-2021
C0281,Vanya Chandran,28,F,Mumbai,Savings,15-10-2023
C0282,Vidur Sankar,25,M,Bangalore,Current,11-01-2022
C0283,Anya Tailor,53,M,Delhi,Savings,05-03-2021
C0284,Yuvaan Kala,55,F,Chennai,Savings,03-10-2022
C0285,Urvi Amble,57,M,Pune,Savings,03-05-2023
C0286,Shray Chaudhari,37,M,Kolkata,Current,31-10-2023
C0287,Myra Vig,52,M,Delhi,Savings,05-05-2025
C0288,Akarsh Chana,42,F,Chennai,Savings,29-10-2020
C0289,Kaira Keer,52,M,Pune,Savings,28-05-2021
C0290,Aarush Dhar,42,F,Pune,Savings,29-03-2025
C0291,Prisha Barman,46,M,Delhi,Savings,13-11-2023
C0292,Mamooty Bera,35,M,Kolkata,Current,02-10-2024
C0293,Mannat Kakar,63,M,Hyderabad,Savings,16-01-2023
C0294,Yasmin Raval,35,F,Hyderabad,Current,08-06-2024
C0295,Saira Shanker,19,M,Pune,Savings,17-08-2023
C0296,Hansh Deshpande,52,F,Hyderabad,Current,17-10-2020
C0297,Taran Rajan,33,F,Mumbai,Savings,12-07-2023
C0298,Vritika Handa,58,F,Pune,Savings,28-03-2021
C0299,Alia Khalsa,53,M,Pune,Current,03-08-2024
C0300,Advik Mahajan,50,M,Chennai,Current,23-11-2022
C0301,Akarsh Venkatesh,21,M,Hyderabad,Savings,11-07-2023
C0302,Pranay Raj,50,M,Kolkata,Savings,27-11-2022
C0303,Ishaan Kakar,31,F,Pune,Current,16-11-2022
C0304,Madhup Balay,38,F,Kolkata,Savings,23-05-2023
C0305,Jayan Sridhar,37,F,Mumbai,Current,25-10-2024
C0306,Arhaan Dhaliwal,25,M,Chennai,Current,16-05-2025
C0307,Vivaan Choudhry,24,F,Delhi,Savings,08-04-2024
C0308,Yakshit Bhattacharyya,20,M,Kolkata,Savings,27-05-2024
C0309,Armaan Warrior,34,F,Pune,Savings,28-07-2022
C0310,Advik Chada,50,M,Mumbai,Savings,06-12-2020
C0311,Yakshit Chaudry,29,M,Bangalore,Savings,22-05-2025
C0312,Shalv Handa,39,F,Mumbai,Current,29-10-2021
C0313,Aayush Bali,39,F,Mumbai,Savings,18-03-2025
C0314,Misha Kamdar,63,F,Chennai,Current,30-11-2023
C0315,Akarsh Grover,47,F,Delhi,Savings,25-04-2023
C0316,Jivika Andra,55,M,Bangalore,Savings,05-06-2023
C0317,Kashvi Venkataraman,55,F,Hyderabad,Savings,02-06-2022
C0318,Manjari Bir,62,F,Hyderabad,Savings,02-03-2021
C0319,Ishaan Desai,25,F,Kolkata,Savings,09-06-2021
C0320,Heer Thakur,44,M,Mumbai,Savings,21-06-2023
C0321,Khushi Tandon,44,M,Chennai,Current,11-05-2023
C0322,Yakshit Kala,51,F,Chennai,Savings,22-12-2023
C0323,Aarav Arora,38,M,Hyderabad,Savings,30-03-2022
C0324,Advik Vig,47,F,Kolkata,Savings,20-11-2022
C0325,Kashvi Chandra,50,M,Kolkata,Savings,08-07-2023
C0326,Vivaan Tandon,45,M,Kolkata,Savings,24-02-2025
C0327,Hazel Bail,64,M,Bangalore,Savings,12-01-2025
C0328,Anahita Acharya,50,M,Delhi,Savings,28-01-2022
C0329,Zara Ramesh,22,F,Bangalore,Savings,29-07-2024
C0330,Anvi Bhasin,36,F,Pune,Savings,10-10-2021
C0331,Darshit Kumar,21,F,Pune,Current,14-08-2023
C0332,Ishita Ahuja,52,M,Delhi,Savings,02-01-2025
C0333,Urvi Sengupta,34,F,Hyderabad,Savings,25-08-2021
C0334,Dhanuk Ratti,61,F,Delhi,Savings,11-06-2021
C0335,Yuvraj  Tella,45,F,Chennai,Savings,15-06-2024
C0336,Mannat Kari,47,M,Pune,Current,19-07-2021
C0337,Siya Kaur,46,M,Mumbai,Savings,19-07-2025
C0338,Nirvaan Chana,63,M,Mumbai,Savings,14-05-2023
C0339,Ryan Ghose,23,F,Hyderabad,Savings,22-06-2023
C0340,Rati Chada,52,F,Chennai,Savings,22-07-2022
C0341,Rohan Butala,58,F,Bangalore,Savings,14-10-2023
C0342,Aaryahi Kurian,54,M,Chennai,Savings,03-04-2021
C0343,Ritvik Deep,41,M,Mumbai,Current,10-12-2024
C0344,Biju Sunder,46,F,Mumbai,Savings,06-10-2021
C0345,Hrishita Sridhar,63,M,Pune,Savings,13-08-2023
C0346,Renee Chand,48,M,Chennai,Savings,19-09-2025
C0347,Ishita Sengupta,52,M,Chennai,Savings,12-04-2023
C0348,Diya Goel,50,M,Mumbai,Savings,13-05-2023
C0349,Ishita Halder,38,F,Bangalore,Current,18-05-2025
C0350,Vanya Kaul,49,M,Hyderabad,Current,19-05-2021
C0351,Darshit Dyal,40,M,Kolkata,Savings,23-10-2023
C0352,Samar Kale,50,M,Hyderabad,Current,23-07-2022
C0353,Ehsaan Choudhary,20,M,Chennai,Current,08-11-2021
C0354,Jayan Ravel,35,F,Hyderabad,Current,03-11-2023
C0355,Ritvik Dhar,42,F,Mumbai,Savings,19-04-2022
C0356,Dishani Mani,59,M,Mumbai,Current,28-06-2024
C0357,Kartik Kari,48,M,Chennai,Savings,25-02-2022
C0358,Jayant Johal,20,M,Chennai,Current,03-10-2024
C0359,Shamik Anand,57,M,Kolkata,Savings,03-11-2024
C0360,Shayak Kunda,63,M,Kolkata,Savings,14-03-2024
C0361,Nirvaan Bahri,41,M,Pune,Current,04-06-2024
C0362,Pranay Sandal,49,F,Chennai,Savings,28-06-2023
C0363,Alisha Sachar,64,M,Bangalore,Current,26-10-2021
C0364,Navya Mahal,39,F,Hyderabad,Current,06-04-2022
C0365,Nirvaan Gole,40,F,Chennai,Savings,27-09-2024
C0366,Rati Hayer,19,M,Delhi,Savings,17-06-2021
C0367,Tarini Chada,44,F,Pune,Savings,22-01-2022
C0368,Jhanvi Bhavsar,59,F,Delhi,Savings,24-01-2023
C0369,Ryan Korpal,19,F,Mumbai,Savings,29-06-2025
C0370,Eshani Varkey,43,F,Kolkata,Current,01-06-2024
C0371,Indranil Kumer,34,F,Hyderabad,Savings,25-08-2023
C0372,Kabir Dey,57,F,Chennai,Savings,25-09-2024
C0373,Saira Balasubramanian,50,M,Delhi,Current,02-12-2022
C0374,Urvi Sur,26,F,Hyderabad,Savings,03-07-2021
C0375,Samar Varma,60,F,Mumbai,Savings,06-10-2022
C0376,Riaan Buch,56,F,Kolkata,Current,15-09-2022
C0377,Hridaan Kothari,46,M,Bangalore,Savings,13-06-2025
C0378,Miraya Atwal,59,F,Pune,Current,27-12-2022
C0379,Chirag Arya,43,M,Hyderabad,Current,05-03-2021
C0380,Tejas Randhawa,52,F,Hyderabad,Current,18-02-2024
C0381,Ishaan Borde,42,M,Bangalore,Savings,18-03-2023
C0382,Shalv Krish,41,M,Hyderabad,Savings,03-08-2024
C0383,Sumer Salvi,30,F,Mumbai,Savings,17-10-2021
C0384,Hiran Bahl,24,F,Mumbai,Current,09-11-2024
C0385,Ishita Jayaraman,53,M,Bangalore,Current,14-09-2021
C0386,Keya Rau,62,F,Pune,Savings,05-02-2021
C0387,Rati Mann,37,M,Chennai,Savings,26-01-2025
C0388,Kimaya Vala,18,M,Delhi,Savings,14-12-2020
C0389,Sana Choudhury,25,M,Chennai,Savings,21-05-2022
C0390,Tushar Agarwal,63,M,Hyderabad,Current,10-03-2023
C0391,Neelofar Acharya,33,M,Delhi,Savings,02-09-2021
C0392,Neysa Chaudhuri,31,F,Bangalore,Current,08-05-2022
C0393,Shlok Vohra,29,M,Bangalore,Current,22-11-2021
C0394,Nehmat Dubey,40,M,Pune,Savings,25-10-2023
C0395,Navya Dani,32,F,Delhi,Savings,27-08-2024
C0396,Shlok Mangat,45,M,Mumbai,Savings,29-12-2023
C0397,Dishani Agarwal,51,F,Delhi,Savings,08-01-2025
C0398,Navya Sastry,19,F,Hyderabad,Current,08-04-2025
C0399,Keya Rege,49,F,Mumbai,Current,19-08-2022
C0400,Jayant Dubey,40,M,Kolkata,Current,04-11-2023
C0401,Bhamini Acharya,39,M,Kolkata,Savings,30-06-2025
C0402,Rasha Dutta,42,M,Kolkata,Savings,29-08-2023
C0403,Zain Subramanian,39,F,Bangalore,Current,02-04-2025
C0404,Hazel Kapur,39,M,Delhi,Savings,22-11-2022
C0405,Rasha Bakshi,59,F,Kolkata,Savings,29-03-2025
C0406,Ela Chahal,23,M,Chennai,Savings,07-03-2023
C0407,Taimur Arya,32,F,Pune,Savings,26-04-2024
C0408,Pihu Chandran,60,M,Chennai,Savings,05-04-2022
C0409,Miraya Ganesh,54,M,Kolkata,Savings,09-01-2023
C0410,Azad Saraf,50,M,Pune,Current,30-03-2023
C0411,Aarna Bajwa,25,F,Hyderabad,Savings,20-06-2025
C0412,Abram Johal,61,F,Chennai,Savings,10-09-2022
C0413,Diya Atwal,61,M,Delhi,Savings,24-05-2025
C0414,Vardaniya Kalita,22,M,Delhi,Current,03-06-2021
C0415,Jayesh Ramesh,56,F,Chennai,Savings,07-09-2023
C0416,Tejas Kuruvilla,21,F,Kolkata,Savings,17-12-2020
C0417,Anya Tripathi,23,F,Delhi,Savings,19-07-2021
C0418,Madhav Ratti,62,M,Hyderabad,Current,28-12-2021
C0419,Divyansh Shan,49,F,Mumbai,Savings,16-08-2022
C0420,Zain Walla,47,M,Kolkata,Current,14-02-2023
C0421,Diya Garde,64,F,Hyderabad,Current,29-06-2021
C0422,Aradhya Dugar,52,M,Pune,Savings,11-12-2024
C0423,Kanav Vig,57,F,Hyderabad,Current,08-07-2023
C0424,Jayant Bose,33,F,Kolkata,Savings,08-11-2021
C0425,Shayak Magar,30,F,Pune,Current,08-07-2025
C0426,Pari Goel,59,F,Kolkata,Savings,01-12-2022
C0427,Rhea Jhaveri,47,F,Delhi,Current,30-07-2024
C0428,Rasha Ramanathan,36,M,Mumbai,Savings,25-02-2025
C0429,Advika Dhingra,34,F,Kolkata,Savings,06-05-2021
C0430,Ryan Bedi,36,F,Kolkata,Savings,26-10-2024
C0431,Vidur Issac,45,F,Delhi,Savings,02-06-2025
C0432,Madhav Balay,43,M,Bangalore,Savings,27-12-2021
C0433,Vaibhav Bava,54,F,Delhi,Savings,07-09-2024
C0434,Keya Butala,43,M,Pune,Savings,24-08-2022
C0435,Dhruv Verma,40,F,Delhi,Savings,21-10-2020
C0436,Neysa Kohli,26,F,Delhi,Current,20-06-2022
C0437,Misha Chana,29,M,Mumbai,Savings,04-04-2023
C0438,Vritika Bala,18,F,Delhi,Savings,02-01-2022
C0439,Dhruv Bakshi,18,M,Kolkata,Savings,14-05-2021
C0440,Stuvan Mane,64,M,Mumbai,Savings,27-07-2023
C0441,Saira Tiwari,51,F,Chennai,Current,30-03-2023
C0442,Uthkarsh Rajagopalan,49,M,Bangalore,Savings,01-06-2022
C0443,Aarav Balan,42,F,Mumbai,Current,13-09-2021
C0444,Arnav Singhal,57,F,Pune,Current,20-11-2023
C0445,Ojas Khare,62,M,Chennai,Current,06-08-2022
C0446,Purab Jaggi,18,M,Mumbai,Savings,18-05-2022
C0447,Rhea Rastogi,33,M,Mumbai,Current,26-11-2024
C0448,Manikya Chawla,56,M,Bangalore,Current,15-05-2025
C0449,Yuvaan Rao,22,F,Kolkata,Savings,05-12-2024
C0450,Ivana Srivastava,39,F,Pune,Savings,15-08-2023
C0451,Tejas Dewan,46,M,Hyderabad,Savings,07-07-2024
C0452,Miraan Badal,20,F,Hyderabad,Savings,12-10-2023
C0453,Ishita Kalita,29,F,Mumbai,Savings,23-05-2022
C0454,Kaira Sani,43,F,Delhi,Savings,09-06-2024
C0455,Anahi Lal,33,F,Pune,Savings,14-07-2024
C0456,Baiju Tank,54,M,Chennai,Savings,02-01-2021
C0457,Parinaaz Krishna,39,M,Delhi,Savings,17-08-2024
C0458,Amani Maharaj,46,F,Delhi,Savings,04-05-2025
C0459,Jayesh Loyal,31,M,Pune,Savings,30-06-2024
C0460,Pihu Srinivas,45,M,Kolkata,Savings,26-05-2025
C0461,Kabir Sekhon,22,M,Mumbai,Savings,30-10-2021
C0462,Gatik Gara,64,F,Mumbai,Current,01-05-2021
C0463,Raghav Madan,47,F,Mumbai,Savings,07-03-2024
C0464,Piya Goyal,63,F,Mumbai,Savings,08-10-2023
C0465,Ela Basu,22,M,Hyderabad,Current,26-11-2022
C0466,Zoya Sawhney,29,F,Mumbai,Savings,22-05-2024
C0467,Eshani Viswanathan,33,F,Hyderabad,Savings,13-03-2025
C0468,Himmat Hora,43,M,Hyderabad,Current,08-08-2022
C0469,Riya Mangal,43,F,Kolkata,Current,21-12-2022
C0470,Reyansh Char,38,F,Mumbai,Savings,15-11-2023
C0471,Siya Sastry,56,M,Bangalore,Savings,24-01-2024
C0472,Indrans Sethi,53,M,Chennai,Current,04-08-2022
C0473,Rania Vora,50,M,Delhi,Savings,16-04-2023
C0474,Nishith Golla,47,F,Hyderabad,Savings,05-08-2025
C0475,Ehsaan Tandon,54,F,Pune,Current,14-03-2024
C0476,Aniruddh Bala,40,F,Pune,Savings,25-12-2022
C0477,Aayush Chada,27,M,Chennai,Savings,17-06-2021
C0478,Elakshi Chhabra,22,M,Pune,Savings,12-03-2023
C0479,Jivika Ganesh,53,F,Bangalore,Current,31-03-2021
C0480,Nakul Gulati,51,F,Pune,Savings,09-11-2023
C0481,Zoya Cheema,48,M,Delhi,Savings,09-07-2025
C0482,Eshani Bajwa,27,M,Delhi,Savings,18-08-2021
C0483,Pari Mani,36,M,Hyderabad,Savings,06-05-2025
C0484,Pari Walla,49,M,Mumbai,Savings,05-10-2022
C0485,Mamooty Randhawa,18,F,Kolkata,Current,12-02-2023
C0486,Ayesha Walla,22,M,Bangalore,Savings,15-08-2024
C0487,Keya Zachariah,62,F,Hyderabad,Savings,20-11-2022
C0488,Gatik Thakkar,21,F,Bangalore,Current,10-01-2023
C0489,Divij Varkey,33,F,Mumbai,Savings,12-11-2024
C0490,Umang Mahajan,41,M,Pune,Current,05-01-2022
C0491,Vihaan Char,33,M,Pune,Savings,30-10-2023
C0492,Vedika Virk,19,M,Kolkata,Savings,15-10-2021
C0493,Ranbir Sen,45,M,Mumbai,Savings,22-11-2022
C0494,Jiya Bhardwaj,49,F,Hyderabad,Current,24-05-2022
C0495,Bhamini Apte,44,M,Kolkata,Savings,03-01-2024
C0496,Zara Dixit,37,M,Mumbai,Savings,19-08-2023
C0497,Aradhya Singhal,41,F,Chennai,Savings,28-03-2022
C0498,Dishani Kota,29,M,Delhi,Savings,12-01-2024
C0499,Ishaan Lala,52,F,Kolkata,Savings,20-08-2024
C0500,Dhruv Dass,50,F,Kolkata,Current,14-09-2023
C0501,Advik Andra,50,F,Hyderabad,Savings,02-08-2024
C0502,Miraya Soman,60,F,Bangalore,Current,14-04-2022
C0503,Uthkarsh Bir,54,F,Chennai,Savings,21-04-2021
C0504,Prisha Sane,29,F,Hyderabad,Savings,28-09-2021
C0505,Rati Savant,20,F,Mumbai,Savings,11-05-2021
C0506,Elakshi Mann,18,F,Mumbai,Savings,14-10-2024
C0507,Kartik Dutta,50,M,Mumbai,Current,08-02-2021
C0508,Gatik Venkatesh,57,M,Mumbai,Current,10-01-2024
C0509,Damini Edwin,27,M,Bangalore,Savings,18-07-2023
C0510,Hrishita Srivastava,60,M,Chennai,Savings,23-02-2021
C0511,Urvi Bhakta,61,F,Pune,Savings,11-02-2023
C0512,Ehsaan Chokshi,46,M,Delhi,Current,15-03-2025
C0513,Samarth Brar,30,F,Bangalore,Savings,25-09-2020
C0514,Aarush Dhar,29,M,Bangalore,Savings,06-12-2021
C0515,Tarini Gera,48,M,Pune,Current,02-10-2024
C0516,Hridaan Babu,63,M,Pune,Savings,30-09-2023
C0517,Rati Raja,19,F,Delhi,Savings,25-01-2025
C0518,Saanvi Ray,52,M,Delhi,Savings,25-04-2021
C0519,Reyansh Wable,40,F,Pune,Current,28-09-2024
C0520,Mahika Maharaj,34,F,Mumbai,Savings,20-04-2024
C0521,Badal Ramanathan,43,M,Bangalore,Savings,10-10-2023
C0522,Hrishita Savant,25,M,Hyderabad,Savings,01-11-2022
C0523,Myra Jain,46,M,Delhi,Savings,10-04-2021
C0524,Yakshit Mangal,43,F,Delhi,Savings,25-11-2024
C0525,Hridaan Bhat,27,M,Pune,Savings,06-06-2021
C0526,Raunak Shenoy,43,F,Chennai,Savings,20-05-2024
C0527,Vidur Arya,51,F,Hyderabad,Savings,21-09-2025
C0528,Adira Raval,58,M,Hyderabad,Savings,31-05-2021
C0529,Jayant Raman,24,M,Delhi,Savings,21-04-2022
C0530,Pihu Hari,21,F,Mumbai,Current,30-01-2023
C0531,Dhanuk Madan,62,F,Chennai,Savings,30-09-2021
C0532,Yuvraj  Aggarwal,28,F,Hyderabad,Current,11-05-2021
C0533,Lakshit Gala,46,M,Delhi,Current,03-06-2021
C0534,Jayesh Badal,53,F,Hyderabad,Savings,15-01-2025
C0535,Indrans Chadha,42,M,Kolkata,Savings,14-07-2022
C0536,Saanvi Bobal,38,F,Chennai,Savings,20-06-2021
C0537,Riaan Kaul,53,F,Chennai,Savings,02-11-2020
C0538,Anahi Bhatti,27,M,Kolkata,Savings,09-04-2024
C0539,Reyansh Varma,54,F,Bangalore,Savings,25-05-2023
C0540,Kiara Raval,26,M,Kolkata,Savings,27-11-2021
C0541,Biju Raval,41,M,Pune,Current,12-10-2024
C0542,Saanvi Dua,52,F,Pune,Savings,02-05-2021
C0543,Kabir Sahota,52,M,Delhi,Current,20-12-2020
C0544,Anika Taneja,53,M,Chennai,Savings,09-02-2023
C0545,Miraan Agrawal,35,F,Bangalore,Current,17-06-2023
C0546,Arhaan Balan,56,M,Bangalore,Savings,31-10-2020
C0547,Damini Setty,49,M,Hyderabad,Savings,15-03-2021
C0548,Rati Sane,41,M,Hyderabad,Savings,13-08-2025
C0549,Kashvi Chawla,40,F,Kolkata,Savings,13-12-2020
C0550,Hiran Chahal,49,M,Bangalore,Savings,20-12-2022
C0551,Ehsaan Goda,54,F,Kolkata,Current,25-12-2022
C0552,Saira Srivastava,29,F,Kolkata,Savings,01-05-2023
C0553,Kavya Hari,30,M,Hyderabad,Savings,30-11-2024
C0554,Eshani Bhatti,40,M,Chennai,Current,11-07-2025
C0555,Biju Thakkar,42,M,Kolkata,Current,29-08-2023
C0556,Biju Bhalla,52,F,Mumbai,Savings,04-01-2025
C0557,Elakshi Rao,58,M,Chennai,Savings,20-08-2023
C0558,Tara Ratta,47,M,Bangalore,Savings,29-11-2021
C0559,Nirvi Goswami,34,M,Bangalore,Savings,01-12-2020
C0560,Raunak Kaur,37,M,Kolkata,Current,05-11-2020
C0561,Amani Krish,42,M,Chennai,Current,23-02-2025
C0562,Ryan Dube,39,F,Hyderabad,Current,06-10-2024
C0563,Anaya Sharma,30,F,Hyderabad,Current,09-02-2022
C0564,Shayak Seshadri,36,M,Pune,Savings,01-10-2021
C0565,Zara Bhatia,53,M,Bangalore,Current,20-12-2021
C0566,Taimur Kar,29,M,Delhi,Current,26-04-2021
C0567,Arnav Randhawa,58,M,Pune,Savings,30-05-2022
C0568,Vedika Singh,36,F,Hyderabad,Current,19-01-2021
C0569,Aaina Bedi,29,M,Chennai,Savings,21-10-2020
C0570,Sahil Brahmbhatt,26,F,Hyderabad,Savings,05-05-2023
C0571,Jivin Ghosh,24,F,Chennai,Current,25-11-2024
C0572,Shlok Khanna,45,M,Pune,Savings,11-11-2022
C0573,Yashvi Sathe,31,F,Bangalore,Savings,08-02-2024
C0574,Amani Tank,48,F,Hyderabad,Savings,28-01-2022
C0575,Romil Talwar,36,F,Kolkata,Savings,27-03-2022
C0576,Nakul Sidhu,64,F,Chennai,Current,27-10-2020
C0577,Riaan Sur,33,M,Bangalore,Savings,15-04-2025
C0578,Biju Gill,22,M,Delhi,Savings,18-03-2024
C0579,Riya Loyal,52,F,Chennai,Current,17-07-2025
C0580,Nitara Salvi,29,M,Pune,Savings,22-06-2023
C0581,Tiya Dara,42,M,Delhi,Savings,05-04-2021
C0582,Dhanush Gade,38,M,Delhi,Savings,15-12-2023
C0583,Sana Hayre,53,M,Mumbai,Current,14-04-2023
C0584,Aayush Sule,40,M,Hyderabad,Savings,19-08-2021
C0585,Priyansh Balan,33,F,Chennai,Savings,04-04-2023
C0586,Vanya Lalla,56,M,Delhi,Savings,09-03-2021
C0587,Tanya Sekhon,62,M,Mumbai,Savings,20-11-2022
C0588,Jivika Sengupta,59,M,Pune,Savings,06-09-2024
C0589,Purab Tak,56,M,Bangalore,Savings,01-08-2023
C0590,Dishani Thaman,31,F,Kolkata,Savings,25-09-2024
C0591,Tejas Kothari,48,F,Kolkata,Current,15-05-2023
C0592,Reyansh Soman,22,F,Chennai,Savings,07-04-2022
C0593,Misha Viswanathan,52,F,Delhi,Current,05-08-2023
C0594,Baiju Borah,40,M,Kolkata,Current,02-01-2021
C0595,Sumer Bhardwaj,46,F,Hyderabad,Current,02-08-2022
C0596,Badal Lata,60,M,Kolkata,Savings,27-05-2023
C0597,Jivika Randhawa,28,M,Kolkata,Savings,01-05-2022
C0598,Jivin Taneja,35,M,Kolkata,Savings,14-09-2022
C0599,Eva Gala,64,M,Mumbai,Savings,12-01-2024
C0600,Yashvi Sathe,29,M,Delhi,Savings,24-02-2021
C0601,Darshit Varty,26,F,Hyderabad,Current,29-10-2023
C0602,Dishani Bhatnagar,27,F,Delhi,Current,02-10-2021
C0603,Rasha Dyal,61,F,Chennai,Savings,04-02-2024
C0604,Kabir Varma,34,F,Chennai,Savings,09-11-2023
C0605,Alia Bhatnagar,55,M,Chennai,Current,01-06-2021
C0606,Ishaan Gola,24,F,Pune,Savings,23-12-2022
C0607,Yuvraj  Varma,63,M,Kolkata,Savings,08-11-2020
C0608,Sahil Devan,30,F,Pune,Current,15-10-2020
C0609,Prisha Khanna,57,M,Mumbai,Savings,03-06-2025
C0610,Tiya Magar,59,M,Chennai,Savings,01-12-2020
C0611,Ritvik Mallick,26,F,Hyderabad,Savings,07-08-2022
C0612,Reyansh Sridhar,44,M,Delhi,Current,24-08-2024
C0613,Miraan Bassi,19,M,Kolkata,Savings,28-04-2024
C0614,Kabir Deep,22,F,Bangalore,Savings,29-08-2025
C0615,Vidur Mammen,46,M,Hyderabad,Savings,30-07-2023
C0616,Tara Dara,54,F,Kolkata,Savings,05-06-2025
C0617,Dishani Goswami,55,F,Pune,Savings,28-11-2022
C0618,Gatik Kapoor,36,F,Pune,Current,14-07-2025
C0619,Nehmat Bhattacharyya,25,M,Hyderabad,Savings,24-03-2023
C0620,Jiya Raval,62,M,Pune,Current,13-01-2024
C0621,Vedika Banerjee,18,M,Chennai,Savings,01-12-2023
C0622,Badal Butala,39,F,Mumbai,Savings,12-11-2024
C0623,Anahi Sarna,34,M,Delhi,Savings,12-04-2025
C0624,Mohanlal Randhawa,24,F,Mumbai,Savings,01-01-2025
C0625,Lakshit Ben,42,F,Kolkata,Savings,16-08-2021
C0626,Chirag Karpe,62,M,Delhi,Savings,05-08-2023
C0627,Jivika Soni,21,F,Delhi,Savings,28-04-2022
C0628,Ryan Saran,53,M,Mumbai,Savings,22-02-2025
C0629,Shray Chadha,23,M,Hyderabad,Savings,30-12-2024
C0630,Gokul Mand,48,M,Delhi,Current,18-08-2025
C0631,Ryan Raval,36,M,Mumbai,Current,24-07-2023
C0632,Seher Contractor,61,M,Delhi,Savings,06-06-2022
C0633,Madhup Vaidya,56,F,Bangalore,Savings,11-06-2021
C0634,Lakshit Vala,44,F,Hyderabad,Savings,13-09-2022
C0635,Anvi Dyal,27,F,Chennai,Savings,23-10-2024
C0636,Kartik Sant,43,M,Delhi,Savings,01-11-2024
C0637,Aradhya Raval,36,M,Bangalore,Current,03-05-2025
C0638,Shlok Chadha,56,M,Chennai,Savings,18-08-2021
C0639,Pranay Yohannan,20,F,Chennai,Savings,15-10-2020
C0640,Keya Sridhar,62,M,Kolkata,Current,21-04-2021
C0641,Vedika Sunder,30,F,Delhi,Savings,08-09-2022
C0642,Lavanya Kakar,45,F,Mumbai,Current,21-12-2024
C0643,Ivan Gour,37,M,Delhi,Savings,12-01-2024
C0644,Rati Ranganathan,45,M,Bangalore,Savings,24-12-2021
C0645,Pranay Chowdhury,25,F,Chennai,Savings,17-07-2025
C0646,Trisha Khare,58,M,Delhi,Savings,20-02-2022
C0647,Sumer Bera,56,F,Mumbai,Current,29-09-2022
C0648,Kabir Bains,18,M,Kolkata,Savings,28-11-2024
C0649,Tiya Tandon,20,M,Delhi,Current,25-09-2022
C0650,Oorja Gole,30,F,Hyderabad,Savings,05-02-2023
C0651,Hazel Sule,45,M,Kolkata,Savings,04-06-2023
C0652,Divit Kibe,42,F,Mumbai,Savings,17-06-2023
C0653,Gatik Varkey,50,M,Bangalore,Savings,17-05-2022
C0654,Piya Randhawa,55,F,Chennai,Current,01-12-2021
C0655,Heer Gopal,23,F,Delhi,Savings,01-09-2021
C0656,Raunak Sood,61,M,Mumbai,Savings,09-08-2023
C0657,Anika Manne,62,F,Kolkata,Savings,03-09-2022
C0658,Rati Khurana,49,M,Hyderabad,Savings,13-06-2025
C0659,Alisha Chand,62,M,Mumbai,Savings,26-10-2024
C0660,Hansh Kamdar,64,M,Pune,Savings,07-08-2024
C0661,Ayesha Date,38,F,Hyderabad,Current,13-08-2021
C0662,Devansh Bala,33,F,Kolkata,Savings,14-10-2021
C0663,Badal Joshi,38,M,Bangalore,Savings,30-05-2024
C0664,Aarna Devan,28,M,Chennai,Savings,26-03-2024
C0665,Shanaya Basu,54,F,Kolkata,Savings,24-08-2025
C0666,Riya Roy,53,M,Bangalore,Current,15-12-2023
C0667,Bhavin Basak,52,M,Delhi,Savings,01-07-2025
C0668,Elakshi Gade,36,F,Mumbai,Savings,24-05-2025
C0669,Pihu Yohannan,37,M,Pune,Savings,31-05-2023
C0670,Renee Kanda,35,F,Hyderabad,Savings,09-06-2023
C0671,Nishith Ganesh,64,M,Hyderabad,Savings,15-01-2025
C0672,Farhan Srinivas,58,F,Mumbai,Current,23-09-2023
C0673,Ishita Deep,31,M,Pune,Current,21-05-2023
C0674,Hridaan Sama,32,M,Mumbai,Current,19-09-2023
C0675,Raunak Kala,48,F,Delhi,Savings,06-04-2023
C0676,Gokul Joshi,18,M,Bangalore,Savings,04-07-2021
C0677,Mamooty Reddy,20,F,Kolkata,Savings,21-11-2020
C0678,Pranay Sundaram,33,M,Hyderabad,Savings,10-03-2024
C0679,Ela Madan,40,F,Delhi,Current,03-10-2023
C0680,Sara Zachariah,28,F,Bangalore,Savings,15-07-2024
C0681,Taimur Balasubramanian,29,F,Delhi,Current,04-07-2023
C0682,Nishith Garde,27,F,Pune,Current,10-09-2022
C0683,Anay Bains,49,M,Hyderabad,Savings,03-06-2021
C0684,Vihaan Jhaveri,33,M,Kolkata,Savings,14-02-2021
C0685,Alisha Seth,25,F,Mumbai,Savings,03-10-2020
C0686,Nishith Thakkar,55,F,Mumbai,Savings,15-11-2020
C0687,Anya Maharaj,29,F,Bangalore,Current,15-03-2023
C0688,Kismat Kothari,41,M,Kolkata,Savings,30-12-2021
C0689,Fateh Dave,45,M,Chennai,Savings,11-05-2023
C0690,Jayant Sani,25,M,Pune,Savings,01-12-2021
C0691,Yuvraj  Shenoy,45,M,Bangalore,Current,02-07-2022
C0692,Ira Barad,53,F,Chennai,Savings,11-08-2021
C0693,Advika Comar,43,F,Delhi,Current,25-08-2021
C0694,Prerak Bora,25,F,Pune,Savings,08-02-2025
C0695,Jhanvi Atwal,45,M,Delhi,Current,07-04-2024
C0696,Yuvaan Garde,45,M,Kolkata,Current,18-06-2025
C0697,Gatik Kunda,54,M,Hyderabad,Savings,17-05-2025
C0698,Zara Chakrabarti,58,F,Pune,Savings,18-01-2024
C0699,Raghav Bakshi,53,F,Chennai,Current,03-10-2022
C0700,Parinaaz Chander,44,M,Hyderabad,Savings,09-07-2022
C0701,Devansh Madan,34,F,Mumbai,Current,24-12-2022
C0702,Shlok Kaul,26,M,Chennai,Savings,02-08-2024
C0703,Eva Mander,50,M,Bangalore,Current,13-05-2022
C0704,Navya Deshmukh,37,F,Mumbai,Current,21-04-2022
C0705,Ayesha Baria,30,M,Mumbai,Current,04-04-2021
C0706,Zeeshan Ramakrishnan,45,F,Bangalore,Savings,06-07-2025
C0707,Dharmajan Tripathi,46,M,Pune,Savings,18-11-2020
C0708,Manikya Thakur,30,F,Mumbai,Savings,29-04-2021
C0709,Kiara Bala,63,F,Kolkata,Savings,05-07-2021
C0710,Eshani Hans,52,F,Chennai,Savings,16-04-2024
C0711,Badal Bawa,23,M,Hyderabad,Savings,01-09-2021
C0712,Bhavin Sura,35,M,Mumbai,Current,04-02-2022
C0713,Sana Bali,22,F,Chennai,Savings,13-09-2023
C0714,Kavya Sane,64,F,Delhi,Savings,13-08-2025
C0715,Eva Ramachandran,42,M,Chennai,Savings,01-03-2025
C0716,Trisha Gade,19,M,Hyderabad,Savings,04-06-2022
C0717,Sahil Vohra,27,M,Chennai,Savings,02-08-2024
C0718,Mishti Zachariah,47,F,Bangalore,Current,17-11-2024
C0719,Aarav Kunda,62,M,Hyderabad,Current,13-12-2021
C0720,Arhaan Gopal,22,M,Pune,Savings,04-10-2022
C0721,Prerak Bhatt,50,F,Delhi,Savings,06-11-2022
C0722,Trisha Bhatia,18,M,Bangalore,Current,18-08-2024
C0723,Adira Sen,35,M,Pune,Savings,03-05-2022
C0724,Alia Bedi,49,M,Chennai,Savings,11-09-2021
C0725,Zeeshan Dhaliwal,64,F,Hyderabad,Savings,05-05-2025
C0726,Parinaaz Balasubramanian,28,F,Delhi,Savings,10-05-2021
C0727,Kanav Balay,38,F,Bangalore,Savings,02-05-2024
C0728,Aayush Kothari,43,F,Pune,Savings,06-07-2024
C0729,Baiju Gole,42,F,Pune,Savings,08-01-2022
C0730,Urvi Gala,39,F,Delhi,Current,27-01-2023
C0731,Misha Subramanian,44,F,Kolkata,Savings,13-02-2022
C0732,Uthkarsh Aggarwal,30,M,Chennai,Current,20-07-2023
C0733,Gokul Kata,50,M,Delhi,Current,16-12-2021
C0734,Yuvaan Chopra,51,F,Pune,Savings,16-06-2023
C0735,Ivan Bora,58,M,Mumbai,Savings,26-05-2023
C0736,Advika Chaudhary,52,M,Bangalore,Savings,19-12-2022
C0737,Drishya Bhatti,18,F,Delhi,Savings,03-07-2023
C0738,Tara Choudhary,38,M,Kolkata,Current,11-03-2022
C0739,Shlok Sarma,23,M,Pune,Savings,12-03-2023
C0740,Samarth Kannan,45,M,Chennai,Current,04-12-2021
C0741,Adah Chandra,34,M,Pune,Savings,25-07-2021
C0742,Prerak Dhar,22,M,Chennai,Savings,10-12-2023
C0743,Anya Arya,48,F,Delhi,Savings,15-10-2021
C0744,Hridaan Rattan,22,F,Chennai,Savings,05-11-2024
C0745,Mamooty Kari,55,F,Hyderabad,Savings,28-03-2023
C0746,Kanav Dixit,20,M,Hyderabad,Savings,12-12-2024
C0747,Drishya Borde,40,F,Hyderabad,Savings,10-04-2023
C0748,Tushar Samra,54,M,Kolkata,Savings,24-03-2023
C0749,Arhaan Grewal,54,M,Kolkata,Current,07-02-2022
C0750,Oorja Hans,27,M,Mumbai,Savings,17-10-2024
C0751,Shalv Sibal,27,M,Kolkata,Current,31-10-2024
C0752,Ishaan Bhat,36,F,Delhi,Current,25-06-2022
C0753,Vardaniya Bhargava,34,F,Pune,Current,25-05-2021
C0754,Vaibhav Gulati,38,M,Pune,Savings,08-03-2022
C0755,Aayush Kamdar,31,F,Mumbai,Current,08-11-2023
C0756,Vaibhav Upadhyay,26,M,Kolkata,Savings,19-10-2021
C0757,Chirag Tella,63,F,Chennai,Savings,28-06-2022
C0758,Aarna Som,18,F,Mumbai,Savings,14-11-2021
C0759,Nakul Rajan,62,M,Chennai,Current,06-09-2022
C0760,Mannat Maharaj,30,F,Chennai,Savings,03-01-2021
C0761,Madhup Rao,21,M,Bangalore,Current,16-04-2025
C0762,Advika Chaudhuri,18,F,Pune,Savings,16-12-2020
C0763,Gatik Ray,57,M,Hyderabad,Current,25-03-2023
C0764,Jivika Ram,49,M,Kolkata,Current,19-04-2021
C0765,Piya Bansal,51,F,Chennai,Savings,31-05-2023
C0766,Navya Contractor,45,F,Bangalore,Current,17-07-2021
C0767,Samar Kapur,48,M,Pune,Savings,09-04-2024
C0768,Indrajit Dutta,25,F,Hyderabad,Savings,30-11-2020
C0769,Damini Chada,56,F,Chennai,Savings,23-08-2024
C0770,Shayak Anne,43,M,Chennai,Savings,22-04-2021
C0771,Tejas Karpe,51,M,Mumbai,Savings,08-03-2025
C0772,Sana Mangat,20,F,Mumbai,Savings,01-01-2024
C0773,Nirvaan Arora,29,M,Pune,Savings,31-07-2021
C0774,Mamooty Lal,18,M,Hyderabad,Current,17-07-2022
C0775,Anaya Varughese,61,M,Chennai,Current,03-06-2022
C0776,Adah Kant,22,F,Pune,Current,05-02-2021
C0777,Tejas Thakur,47,F,Pune,Current,01-02-2024
C0778,Fateh Lalla,47,M,Delhi,Current,22-06-2023
C0779,Vihaan Jhaveri,34,F,Kolkata,Savings,04-04-2023
C0780,Elakshi Mander,64,M,Mumbai,Savings,20-08-2021
C0781,Keya Dewan,40,F,Hyderabad,Current,12-12-2022
C0782,Veer Jha,32,M,Chennai,Savings,23-03-2021
C0783,Dhanuk Mannan,54,M,Pune,Savings,29-03-2021
C0784,Kismat Bawa,38,F,Chennai,Savings,23-09-2024
C0785,Manjari Zachariah,31,M,Delhi,Savings,11-10-2023
C0786,Farhan Saraf,19,F,Hyderabad,Savings,18-05-2023
C0787,Rasha Dara,28,F,Pune,Savings,05-03-2022
C0788,Neysa Tara,56,M,Chennai,Savings,29-08-2021
C0789,Aaina Karan,55,M,Mumbai,Savings,24-06-2025
C0790,Yuvaan Rajan,51,F,Kolkata,Savings,13-04-2022
C0791,Jivika Dua,55,M,Delhi,Savings,21-12-2023
C0792,Farhan Sahni,51,M,Hyderabad,Current,29-11-2024
C0793,Samaira Keer,35,M,Delhi,Savings,02-05-2021
C0794,Charvi Bawa,47,M,Mumbai,Savings,01-05-2025
C0795,Shaan Gola,32,M,Hyderabad,Current,27-04-2021
C0796,Dhruv Gokhale,44,F,Delhi,Savings,23-08-2023
C0797,Jivin Balakrishnan,51,F,Bangalore,Savings,17-07-2022
C0798,Jayan Sharma,55,M,Mumbai,Savings,13-09-2023
C0799,Ayesha Borra,50,M,Mumbai,Current,18-04-2025
C0800,Dhanush Rao,41,M,Mumbai,Savings,14-11-2020
C0801,Adira Chanda,32,F,Bangalore,Savings,27-11-2022
C0802,Hunar Rao,47,M,Bangalore,Current,17-01-2025
C0803,Alia Sachdev,59,F,Chennai,Savings,27-04-2024
C0804,Anya Sen,34,F,Pune,Savings,05-01-2025
C0805,Aaryahi Magar,22,F,Kolkata,Savings,11-01-2021
C0806,Parinaaz Varughese,46,M,Delhi,Savings,24-05-2022
C0807,Zeeshan Sridhar,21,F,Chennai,Savings,26-08-2024
C0808,Amani Manda,27,M,Delhi,Savings,03-08-2024
C0809,Jiya Sarma,34,F,Kolkata,Current,07-02-2021
C0810,Hiran Jain,27,M,Pune,Savings,13-01-2021
C0811,Alisha Dube,34,F,Bangalore,Savings,17-10-2020
C0812,Kimaya Ghosh,37,M,Pune,Savings,20-11-2021
C0813,Kanav Banik,41,F,Bangalore,Savings,30-10-2021
C0814,Yakshit Hari,22,M,Kolkata,Savings,09-11-2021
C0815,Saksham Saini,51,M,Pune,Current,05-11-2021
C0816,Shray Batra,23,M,Chennai,Savings,24-06-2024
C0817,Vaibhav Deshmukh,19,M,Hyderabad,Current,17-07-2023
C0818,Advika Kulkarni,30,F,Chennai,Current,20-03-2023
C0819,Arnav Varughese,60,F,Delhi,Savings,29-11-2022
C0820,Darshit Kothari,60,M,Chennai,Current,17-03-2022
C0821,Romil Luthra,28,F,Kolkata,Savings,08-10-2023
C0822,Gokul Kata,64,M,Mumbai,Savings,21-07-2022
C0823,Neelofar Babu,40,M,Delhi,Savings,17-08-2025
C0824,Badal Vohra,33,F,Pune,Savings,21-04-2023
C0825,Priyansh Kapadia,48,M,Delhi,Savings,08-05-2024
C0826,Neelofar Brar,28,M,Hyderabad,Savings,07-05-2022
C0827,Onkar Deshmukh,33,F,Bangalore,Savings,05-05-2025
C0828,Ishaan Karan,25,M,Pune,Savings,23-04-2022
C0829,Vritika Bose,21,M,Delhi,Savings,15-11-2020
C0830,Bhavin Guha,57,M,Pune,Current,23-11-2020
C0831,Kiaan Ganesh,21,M,Pune,Current,07-09-2025
C0832,Jivin Brar,42,F,Pune,Savings,09-12-2023
C0833,Vanya Bhattacharyya,20,F,Bangalore,Savings,04-01-2021
C0834,Dhanush Krishnan,49,F,Kolkata,Current,03-01-2024
C0835,Charvi Chokshi,20,M,Chennai,Current,04-12-2020
C0836,Alisha Ramaswamy,44,M,Pune,Current,07-11-2024
C0837,Indrans Arya,46,F,Mumbai,Savings,17-10-2023
C0838,Aarav Shankar,49,M,Kolkata,Savings,10-01-2023
C0839,Himmat Dhawan,36,M,Hyderabad,Savings,17-01-2022
C0840,Zeeshan Brahmbhatt,38,M,Bangalore,Savings,19-06-2023
C0841,Nishith Chahal,22,M,Delhi,Current,07-11-2022
C0842,Aradhya Gera,35,F,Bangalore,Current,02-12-2024
C0843,Divij Bhalla,45,F,Delhi,Savings,24-07-2022
C0844,Yashvi Goel,59,F,Bangalore,Current,29-08-2023
C0845,Lakshit Kulkarni,39,M,Delhi,Savings,24-05-2023
C0846,Elakshi Sampath,38,F,Pune,Savings,29-07-2025
C0847,Tarini Shenoy,23,F,Chennai,Savings,30-03-2024
C0848,Shaan Edwin,18,M,Delhi,Current,26-12-2021
C0849,Pari Mane,22,M,Delhi,Savings,07-04-2024
C0850,Trisha Swaminathan,58,F,Mumbai,Current,16-03-2024
C0851,Nayantara Hora,29,F,Delhi,Current,21-12-2022
C0852,Ryan Sachdeva,43,F,Mumbai,Savings,24-04-2024
C0853,Divit Basu,63,F,Hyderabad,Savings,19-04-2022
C0854,Nehmat Subramaniam,51,M,Pune,Current,31-08-2023
C0855,Siya Rege,31,F,Mumbai,Savings,25-06-2024
C0856,Amira Varghese,43,F,Chennai,Current,15-09-2025
C0857,Mishti Dhillon,62,M,Kolkata,Current,13-12-2024
C0858,Priyansh Khare,44,F,Pune,Savings,24-05-2025
C0859,Emir Deo,26,M,Mumbai,Savings,16-07-2023
C0860,Samar Singhal,43,M,Pune,Current,04-05-2023
C0861,Jiya Ahluwalia,64,M,Pune,Savings,24-02-2024
C0862,Zara Halder,39,F,Pune,Savings,12-01-2021
C0863,Nirvi Amble,64,F,Hyderabad,Savings,19-11-2021
C0864,Adira Wason,47,M,Chennai,Savings,11-07-2024
C0865,Gokul Khare,60,F,Bangalore,Current,05-10-2023
C0866,Raunak Virk,34,F,Bangalore,Current,16-07-2025
C0867,Nehmat Yohannan,43,M,Mumbai,Savings,04-06-2023
C0868,Reyansh Saha,53,M,Pune,Savings,15-02-2021
C0869,Nakul Mandal,18,F,Mumbai,Savings,03-08-2025
C0870,Indranil Atwal,25,M,Hyderabad,Current,22-03-2025
C0871,Baiju Thaman,52,F,Hyderabad,Savings,16-08-2023
C0872,Saksham Ganesan,32,F,Delhi,Savings,15-01-2022
C0873,Kimaya Bhakta,64,F,Hyderabad,Savings,11-08-2024
C0874,Saanvi Chada,39,F,Delhi,Savings,11-10-2024
C0875,Purab Zacharia,31,M,Chennai,Current,24-02-2025
C0876,Kavya Sabharwal,43,M,Mumbai,Savings,24-02-2021
C0877,Anvi Das,45,M,Kolkata,Savings,16-10-2020
C0878,Mahika Kade,40,M,Chennai,Savings,30-01-2022
C0879,Baiju Mangat,31,F,Hyderabad,Current,19-09-2022
C0880,Raghav Salvi,41,F,Chennai,Savings,07-01-2022
C0881,Mahika Krishna,19,M,Chennai,Savings,30-11-2023
C0882,Samar Bhatt,62,F,Chennai,Savings,03-09-2021
C0883,Elakshi Salvi,43,F,Hyderabad,Current,28-11-2023
C0884,Samarth Dhillon,31,F,Kolkata,Savings,24-06-2024
C0885,Jiya Yohannan,24,M,Pune,Savings,06-02-2023
C0886,Trisha Rajan,20,M,Chennai,Savings,19-02-2024
C0887,Rhea Dhaliwal,64,M,Delhi,Current,30-10-2022
C0888,Neelofar Bansal,40,F,Hyderabad,Savings,23-05-2024
C0889,Nishith Uppal,63,M,Chennai,Current,17-01-2025
C0890,Aniruddh Vaidya,60,M,Kolkata,Savings,23-02-2021
C0891,Parinaaz Bobal,64,M,Pune,Savings,21-10-2022
C0892,Raghav Kale,62,M,Hyderabad,Savings,10-08-2022
C0893,Emir Hegde,35,M,Bangalore,Current,10-08-2025
C0894,Hrishita Bains,55,M,Pune,Savings,19-03-2025
C0895,Jivika Kara,52,F,Delhi,Current,13-12-2021
C0896,Zeeshan Mane,32,F,Chennai,Current,15-06-2023
C0897,Parinaaz Talwar,42,M,Kolkata,Savings,01-11-2021
C0898,Hiran Ravi,54,M,Bangalore,Current,26-07-2024
C0899,Tushar Bal,45,F,Kolkata,Current,25-07-2022
C0900,Manjari Batra,27,F,Bangalore,Savings,18-12-2022
C0901,Uthkarsh Lad,56,M,Hyderabad,Savings,18-11-2023
C0902,Yashvi Doshi,34,M,Bangalore,Current,03-10-2020
C0903,Azad Bassi,56,M,Delhi,Savings,10-02-2024
C0904,Eshani Manne,39,M,Delhi,Current,31-08-2025
C0905,Hrishita Ram,43,F,Mumbai,Current,25-11-2021
C0906,Mehul Gala,61,M,Delhi,Savings,12-11-2021
C0907,Ritvik Saha,42,M,Pune,Savings,26-12-2022
C0908,Romil Dugar,34,M,Bangalore,Savings,14-06-2022
C0909,Himmat Bal,30,M,Delhi,Savings,26-03-2025
C0910,Anahi Agrawal,37,F,Hyderabad,Savings,22-01-2024
C0911,Seher Rajagopalan,42,F,Kolkata,Savings,08-04-2024
C0912,Aradhya Solanki,21,F,Kolkata,Savings,15-09-2025
C0913,Devansh Golla,27,M,Mumbai,Current,02-12-2021
C0914,Nirvaan Hora,20,M,Kolkata,Current,24-10-2022
C0915,Arnav Bava,58,F,Bangalore,Savings,09-10-2021
C0916,Riaan Salvi,62,M,Mumbai,Savings,03-12-2021
C0917,Aniruddh Bath,35,M,Bangalore,Savings,14-03-2024
C0918,Hiran Kant,64,F,Hyderabad,Savings,30-03-2024
C0919,Madhup Sahota,53,F,Mumbai,Current,04-02-2021
C0920,Vardaniya Swamy,64,F,Chennai,Current,25-01-2021
C0921,Zeeshan Sha,39,F,Pune,Current,16-07-2024
C0922,Rohan Gara,51,M,Pune,Current,06-08-2023
C0923,Riya Chaudhari,64,M,Bangalore,Savings,01-11-2022
C0924,Krish Lad,25,F,Kolkata,Current,23-11-2021
C0925,Azad Dugal,57,M,Chennai,Savings,17-01-2022
C0926,Drishya Chahal,61,F,Mumbai,Current,31-01-2024
C0927,Taran Deshmukh,36,F,Chennai,Savings,21-06-2022
C0928,Gatik Sodhi,59,M,Chennai,Current,17-01-2021
C0929,Saira Taneja,58,F,Kolkata,Current,17-12-2024
C0930,Zeeshan Kala,54,M,Mumbai,Savings,31-01-2024
C0931,Jhanvi Chana,23,M,Hyderabad,Savings,06-01-2024
C0932,Shray Kumar,43,M,Kolkata,Current,31-10-2020
C0933,Reyansh Batta,51,M,Chennai,Savings,26-07-2021
C0934,Yuvaan Kamdar,62,F,Chennai,Savings,01-06-2024
C0935,Nishith Uppal,23,M,Hyderabad,Savings,04-03-2023
C0936,Anvi Varma,54,F,Chennai,Savings,16-10-2020
C0937,Vedika Sodhi,50,F,Chennai,Current,09-01-2021
C0938,Anahita Deshmukh,39,F,Chennai,Savings,24-11-2021
C0939,Lagan Dada,38,F,Pune,Savings,25-11-2021
C0940,Elakshi Chad,23,M,Kolkata,Savings,20-01-2022
C0941,Advik Tella,23,M,Delhi,Savings,10-12-2020
C0942,Riya Gandhi,21,F,Kolkata,Savings,02-07-2022
C0943,Sana Aggarwal,47,F,Hyderabad,Savings,17-02-2023
C0944,Saira Shetty,28,M,Chennai,Savings,13-02-2024
C0945,Prerak Divan,47,F,Kolkata,Savings,08-04-2022
C0946,Jivika Shroff,48,M,Pune,Current,30-11-2021
C0947,Farhan Tailor,41,F,Hyderabad,Savings,28-09-2024
C0948,Kashvi Rao,26,M,Bangalore,Savings,27-09-2023
C0949,Zeeshan Balay,20,F,Kolkata,Savings,02-11-2023
C0950,Darshit Hegde,48,F,Bangalore,Savings,08-01-2021
C0951,Yuvraj  Venkataraman,57,M,Chennai,Savings,14-05-2023
C0952,Sana Issac,54,F,Pune,Savings,10-06-2022
C0953,Eshani Bedi,53,F,Pune,Current,21-02-2025
C0954,Dishani Dhingra,41,M,Kolkata,Savings,01-04-2024
C0955,Navya Mall,48,F,Hyderabad,Savings,01-02-2021
C0956,Parinaaz Hari,23,M,Hyderabad,Current,28-03-2022
C0957,Dharmajan Vala,19,M,Pune,Savings,03-05-2025
C0958,Ishaan Walia,37,F,Hyderabad,Savings,18-08-2022
C0959,Tushar Ravel,45,F,Pune,Savings,19-04-2021
C0960,Vihaan Ben,28,F,Kolkata,Savings,30-05-2021
C0961,Alisha Randhawa,21,F,Delhi,Current,01-11-2020
C0962,Akarsh Bajaj,32,F,Pune,Current,28-03-2023
C0963,Gatik Bir,23,F,Bangalore,Current,03-05-2025
C0964,Anika Raman,47,F,Hyderabad,Savings,10-03-2021
C0965,Shanaya Sundaram,55,M,Pune,Savings,07-06-2022
C0966,Arnav Sehgal,19,F,Pune,Savings,31-08-2022
C0967,Dhanush Kibe,32,M,Kolkata,Savings,16-05-2022
C0968,Manjari Upadhyay,28,F,Hyderabad,Savings,28-11-2022
C0969,Shamik Ghose,25,F,Delhi,Current,28-01-2021
C0970,Elakshi Reddy,43,M,Kolkata,Savings,04-12-2021
C0971,Prisha Golla,62,F,Delhi,Savings,24-11-2020
C0972,Ranbir Vyas,61,F,Kolkata,Savings,18-01-2024
C0973,Yasmin Keer,22,M,Hyderabad,Savings,21-03-2021
C0974,Jayan Chaudhari,23,F,Mumbai,Savings,09-10-2022
C0975,Hunar Behl,43,F,Hyderabad,Current,28-06-2025
C0976,Arnav Thakur,21,F,Hyderabad,Savings,14-06-2025
C0977,Zain Kala,36,M,Delhi,Current,08-10-2021
C0978,Nirvi Bhandari,37,F,Delhi,Savings,19-08-2025
C0979,Ivana Sane,50,F,Hyderabad,Current,02-05-2022
C0980,Raghav Verma,37,F,Hyderabad,Current,23-09-2021
C0981,Bhamini Sawhney,29,F,Hyderabad,Savings,25-08-2024
C0982,Mahika Virk,64,M,Delhi,Savings,09-04-2022
C0983,Baiju Kaul,18,M,Hyderabad,Current,23-01-2024
C0984,Baiju Sarkar,43,F,Hyderabad,Savings,04-06-2024
C0985,Akarsh Gala,31,F,Chennai,Current,01-12-2024
C0986,Biju Chada,55,M,Mumbai,Savings,22-07-2022
C0987,Nirvaan DAlia,54,M,Bangalore,Savings,14-01-2023
C0988,Jayesh Rana,28,F,Mumbai,Current,13-06-2021
C0989,Azad Rajagopal,53,M,Chennai,Current,22-06-2021
C0990,Trisha Dalal,30,F,Bangalore,Savings,16-04-2025
C0991,Ehsaan Zachariah,60,M,Kolkata,Current,15-02-2025
C0992,Alisha Wable,20,M,Hyderabad,Savings,12-01-2021
C0993,Anahi Rau,50,M,Chennai,Savings,18-09-2024
C0994,Ryan Kapoor,23,M,Kolkata,Savings,28-05-2024
C0995,Mohanlal Tata,27,F,Hyderabad,Savings,31-03-2021
C0996,Aarush Rana,22,M,Delhi,Current,04-07-2021
C0997,Lavanya De,40,M,Pune,Savings,23-08-2021
C0998,Manikya Varghese,27,F,Chennai,Savings,06-07-2023
C0999,Ehsaan Verma,61,M,Delhi,Savings,14-04-2021
C1000,Ahana  Saraf,19,M,Chennai,Savings,03-12-2024
